{
  "Body": {
    "stkCallback": {
      "MerchantRequestID": "29637-66576708-1",
      "CheckoutRequestID": "ws_CO_19072023184338586768168060",
      "ResultCode": 0,
      "ResultDesc": "The service request is processed successfully.",
      "CallbackMetadata": {
        "Item": [
          {
            "Name": "Amount",
            "Value": 1.00
          },
          {
            "Name": "MpesaReceiptNumber",
            "Value": "RGJ6XCEJSK"
          },
          {
            "Name": "Balance"
          },
          {
            "Name": "TransactionDate",
            "Value": 20230719184207
          },
          {
            "Name": "PhoneNumber",
            "Value": 254768168060
          }
        ]
      }
    }
  }
}{
  "Body": {
    "stkCallback": {
      "MerchantRequestID": "25036-119082079-1",
      "CheckoutRequestID": "ws_CO_19072023184645228768168060",
      "ResultCode": 0,
      "ResultDesc": "The service request is processed successfully.",
      "CallbackMetadata": {
        "Item": [
          {
            "Name": "Amount",
            "Value": 2.00
          },
          {
            "Name": "MpesaReceiptNumber",
            "Value": "RGJ9XCU4LT"
          },
          {
            "Name": "Balance"
          },
          {
            "Name": "TransactionDate",
            "Value": 20230719184513
          },
          {
            "Name": "PhoneNumber",
            "Value": 254768168060
          }
        ]
      }
    }
  }
}{
  "Body": {
    "stkCallback": {
      "MerchantRequestID": "10901-120004573-1",
      "CheckoutRequestID": "ws_CO_19072023190603085768168060",
      "ResultCode": 0,
      "ResultDesc": "The service request is processed successfully.",
      "CallbackMetadata": {
        "Item": [
          {
            "Name": "Amount",
            "Value": 2.00
          },
          {
            "Name": "MpesaReceiptNumber",
            "Value": "RGJ7XFLLZR"
          },
          {
            "Name": "Balance"
          },
          {
            "Name": "TransactionDate",
            "Value": 20230719190434
          },
          {
            "Name": "PhoneNumber",
            "Value": 254768168060
          }
        ]
      }
    }
  }
}{
  "Body": {
    "stkCallback": {
      "MerchantRequestID": "23315-193823651-1",
      "CheckoutRequestID": "ws_CO_19072023191437398768168060",
      "ResultCode": 0,
      "ResultDesc": "The service request is processed successfully.",
      "CallbackMetadata": {
        "Item": [
          {
            "Name": "Amount",
            "Value": 1.00
          },
          {
            "Name": "MpesaReceiptNumber",
            "Value": "RGJ7XGUMBF"
          },
          {
            "Name": "Balance"
          },
          {
            "Name": "TransactionDate",
            "Value": 20230719191306
          },
          {
            "Name": "PhoneNumber",
            "Value": 254768168060
          }
        ]
      }
    }
  }
}{"Body":{"stkCallback":{"MerchantRequestID":"12128-271198909-1","CheckoutRequestID":"ws_CO_19072023203717051768168060","ResultCode":1019,"ResultDesc":"Transaction has expired"}}}{"Body":{"stkCallback":{"MerchantRequestID":"25042-119844139-1","CheckoutRequestID":"ws_CO_19072023222628153768168060","ResultCode":1019,"ResultDesc":"Transaction has expired"}}}{"Body":{"stkCallback":{"MerchantRequestID":"79063-1554974-1","CheckoutRequestID":"ws_CO_11082023191250650746465349","ResultCode":0,"ResultDesc":"The service request is processed successfully.","CallbackMetadata":{"Item":[{"Name":"Amount","Value":1.00},{"Name":"MpesaReceiptNumber","Value":"RHB1ULV2MZ"},{"Name":"Balance"},{"Name":"TransactionDate","Value":20230811191100},{"Name":"PhoneNumber","Value":254746465349}]}}}}{"Body":{"stkCallback":{"MerchantRequestID":"79066-1568161-1","CheckoutRequestID":"ws_CO_11082023191645583715303584","ResultCode":0,"ResultDesc":"The service request is processed successfully.","CallbackMetadata":{"Item":[{"Name":"Amount","Value":1.00},{"Name":"MpesaReceiptNumber","Value":"RHB5UMK5PX"},{"Name":"Balance"},{"Name":"TransactionDate","Value":20230811191459},{"Name":"PhoneNumber","Value":254715303584}]}}}}{"Body":{"stkCallback":{"MerchantRequestID":"11446-43874728-1","CheckoutRequestID":"ws_CO_12082023011524083746465349","ResultCode":2001,"ResultDesc":"The initiator information is invalid."}}}{"Body":{"stkCallback":{"MerchantRequestID":"11443-43875547-1","CheckoutRequestID":"ws_CO_12082023011620369746465349","ResultCode":1019,"ResultDesc":"Transaction has expired"}}}{"Body":{"stkCallback":{"MerchantRequestID":"79053-2573139-1","CheckoutRequestID":"ws_CO_12082023011940444746465349","ResultCode":1019,"ResultDesc":"Transaction has expired"}}}{"Body":{"stkCallback":{"MerchantRequestID":"20014-239330080-1","CheckoutRequestID":"ws_CO_12082023012419012746465349","ResultCode":2001,"ResultDesc":"The initiator information is invalid."}}}{"Body":{"stkCallback":{"MerchantRequestID":"24719-27244648-1","CheckoutRequestID":"ws_CO_12082023012819098746465349","ResultCode":1019,"ResultDesc":"Transaction has expired"}}}{"Body":{"stkCallback":{"MerchantRequestID":"20012-239336073-1","CheckoutRequestID":"ws_CO_12082023013129670746465349","ResultCode":0,"ResultDesc":"The service request is processed successfully.","CallbackMetadata":{"Item":[{"Name":"Amount","Value":1.00},{"Name":"MpesaReceiptNumber","Value":"RHC5VH5NEZ"},{"Name":"Balance"},{"Name":"TransactionDate","Value":20230812012936},{"Name":"PhoneNumber","Value":254746465349}]}}}}{"Body":{"stkCallback":{"MerchantRequestID":"32172-59436511-1","CheckoutRequestID":"ws_CO_12082023013228466746465349","ResultCode":1019,"ResultDesc":"Transaction has expired"}}}{"Body":{"stkCallback":{"MerchantRequestID":"11437-43889147-1","CheckoutRequestID":"ws_CO_12082023013228504746465349","ResultCode":1019,"ResultDesc":"Transaction has expired"}}}{"Body":{"stkCallback":{"MerchantRequestID":"26311-6300021-1","CheckoutRequestID":"ws_CO_12082023014227457746465349","ResultCode":0,"ResultDesc":"The service request is processed successfully.","CallbackMetadata":{"Item":[{"Name":"Amount","Value":1.00},{"Name":"MpesaReceiptNumber","Value":"RHC2VHBQDE"},{"Name":"Balance"},{"Name":"TransactionDate","Value":20230812014039},{"Name":"PhoneNumber","Value":254746465349}]}}}}{"Body":{"stkCallback":{"MerchantRequestID":"28687-58252824-1","CheckoutRequestID":"ws_CO_12082023015201893746465349","ResultCode":0,"ResultDesc":"The service request is processed successfully.","CallbackMetadata":{"Item":[{"Name":"Amount","Value":1.00},{"Name":"MpesaReceiptNumber","Value":"RHC2VHG1SY"},{"Name":"Balance"},{"Name":"TransactionDate","Value":20230812015011},{"Name":"PhoneNumber","Value":254746465349}]}}}}{"Body":{"stkCallback":{"MerchantRequestID":"23503-125781710-1","CheckoutRequestID":"ws_CO_12082023015841184746465349","ResultCode":0,"ResultDesc":"The service request is processed successfully.","CallbackMetadata":{"Item":[{"Name":"Amount","Value":1.00},{"Name":"MpesaReceiptNumber","Value":"RHC8VHJ9AW"},{"Name":"Balance"},{"Name":"TransactionDate","Value":20230812015650},{"Name":"PhoneNumber","Value":254746465349}]}}}}{"Body":{"stkCallback":{"MerchantRequestID":"24008-6177347-1","CheckoutRequestID":"ws_CO_12082023020826636746465349","ResultCode":0,"ResultDesc":"The service request is processed successfully.","CallbackMetadata":{"Item":[{"Name":"Amount","Value":1.00},{"Name":"MpesaReceiptNumber","Value":"RHC0VHNHFM"},{"Name":"Balance"},{"Name":"TransactionDate","Value":20230812020635},{"Name":"PhoneNumber","Value":254746465349}]}}}}{"Body":{"stkCallback":{"MerchantRequestID":"11434-43932891-1","CheckoutRequestID":"ws_CO_12082023022733251746465349","ResultCode":0,"ResultDesc":"The service request is processed successfully.","CallbackMetadata":{"Item":[{"Name":"Amount","Value":1.00},{"Name":"MpesaReceiptNumber","Value":"RHC0VHUP2U"},{"Name":"Balance"},{"Name":"TransactionDate","Value":20230812022542},{"Name":"PhoneNumber","Value":254746465349}]}}}}{"Body":{"stkCallback":{"MerchantRequestID":"28676-58280431-1","CheckoutRequestID":"ws_CO_12082023022953877746465349","ResultCode":0,"ResultDesc":"The service request is processed successfully.","CallbackMetadata":{"Item":[{"Name":"Amount","Value":1.00},{"Name":"MpesaReceiptNumber","Value":"RHC4VHVV3G"},{"Name":"Balance"},{"Name":"TransactionDate","Value":20230812022806},{"Name":"PhoneNumber","Value":254746465349}]}}}}{"Body":{"stkCallback":{"MerchantRequestID":"110039-6376554-1","CheckoutRequestID":"ws_CO_12082023024330569746465349","ResultCode":0,"ResultDesc":"The service request is processed successfully.","CallbackMetadata":{"Item":[{"Name":"Amount","Value":1.00},{"Name":"MpesaReceiptNumber","Value":"RHC3VI0LCL"},{"Name":"Balance"},{"Name":"TransactionDate","Value":20230812024142},{"Name":"PhoneNumber","Value":254746465349}]}}}}{"Body":{"stkCallback":{"MerchantRequestID":"20010-239393556-2","CheckoutRequestID":"ws_CO_12082023024530736746465349","ResultCode":0,"ResultDesc":"The service request is processed successfully.","CallbackMetadata":{"Item":[{"Name":"Amount","Value":1.00},{"Name":"MpesaReceiptNumber","Value":"RHC5VI1AP5"},{"Name":"Balance"},{"Name":"TransactionDate","Value":20230812024344},{"Name":"PhoneNumber","Value":254746465349}]}}}}{"Body":{"stkCallback":{"MerchantRequestID":"29613-177944321-1","CheckoutRequestID":"ws_CO_12082023025130685746465349","ResultCode":0,"ResultDesc":"The service request is processed successfully.","CallbackMetadata":{"Item":[{"Name":"Amount","Value":1.00},{"Name":"MpesaReceiptNumber","Value":"RHC4VI3MHI"},{"Name":"Balance"},{"Name":"TransactionDate","Value":20230812024942},{"Name":"PhoneNumber","Value":254746465349}]}}}}{"Body":{"stkCallback":{"MerchantRequestID":"23510-125824678-1","CheckoutRequestID":"ws_CO_12082023025252083746465349","ResultCode":1032,"ResultDesc":"Request cancelled by user"}}}{"Body":{"stkCallback":{"MerchantRequestID":"32190-59498652-2","CheckoutRequestID":"ws_CO_12082023025614240746465349","ResultCode":0,"ResultDesc":"The service request is processed successfully.","CallbackMetadata":{"Item":[{"Name":"Amount","Value":1.00},{"Name":"MpesaReceiptNumber","Value":"RHC5VI53TJ"},{"Name":"Balance"},{"Name":"TransactionDate","Value":20230812025422},{"Name":"PhoneNumber","Value":254746465349}]}}}}{"Body":{"stkCallback":{"MerchantRequestID":"32176-59502067-1","CheckoutRequestID":"ws_CO_12082023030103560746465349","ResultCode":0,"ResultDesc":"The service request is processed successfully.","CallbackMetadata":{"Item":[{"Name":"Amount","Value":1.00},{"Name":"MpesaReceiptNumber","Value":"RHC6VI6YNE"},{"Name":"Balance"},{"Name":"TransactionDate","Value":20230812025911},{"Name":"PhoneNumber","Value":254746465349}]}}}}{"Body":{"stkCallback":{"MerchantRequestID":"79069-2656082-1","CheckoutRequestID":"ws_CO_12082023030607007746465349","ResultCode":0,"ResultDesc":"The service request is processed successfully.","CallbackMetadata":{"Item":[{"Name":"Amount","Value":1.00},{"Name":"MpesaReceiptNumber","Value":"RHC4VI8M5A"},{"Name":"Balance"},{"Name":"TransactionDate","Value":20230812030426},{"Name":"PhoneNumber","Value":254746465349}]}}}}{"Body":{"stkCallback":{"MerchantRequestID":"23521-125840350-2","CheckoutRequestID":"ws_CO_12082023031256599746465349","ResultCode":0,"ResultDesc":"The service request is processed successfully.","CallbackMetadata":{"Item":[{"Name":"Amount","Value":1.00},{"Name":"MpesaReceiptNumber","Value":"RHC6VIAJ8U"},{"Name":"Balance"},{"Name":"TransactionDate","Value":20230812031113},{"Name":"PhoneNumber","Value":254746465349}]}}}}{"Body":{"stkCallback":{"MerchantRequestID":"11442-43970706-2","CheckoutRequestID":"ws_CO_12082023031703062746465349","ResultCode":0,"ResultDesc":"The service request is processed successfully.","CallbackMetadata":{"Item":[{"Name":"Amount","Value":1.00},{"Name":"MpesaReceiptNumber","Value":"RHC5VIBSM5"},{"Name":"Balance"},{"Name":"TransactionDate","Value":20230812031519},{"Name":"PhoneNumber","Value":254746465349}]}}}}{"Body":{"stkCallback":{"MerchantRequestID":"79068-2673123-1","CheckoutRequestID":"ws_CO_12082023032924837746465349","ResultCode":0,"ResultDesc":"The service request is processed successfully.","CallbackMetadata":{"Item":[{"Name":"Amount","Value":1.00},{"Name":"MpesaReceiptNumber","Value":"RHC5VIFI85"},{"Name":"Balance"},{"Name":"TransactionDate","Value":20230812032732},{"Name":"PhoneNumber","Value":254746465349}]}}}}{"Body":{"stkCallback":{"MerchantRequestID":"110024-6436696-1","CheckoutRequestID":"ws_CO_12082023040209710746465349","ResultCode":0,"ResultDesc":"The service request is processed successfully.","CallbackMetadata":{"Item":[{"Name":"Amount","Value":1.00},{"Name":"MpesaReceiptNumber","Value":"RHC8VIPPTK"},{"Name":"Balance"},{"Name":"TransactionDate","Value":20230812040030},{"Name":"PhoneNumber","Value":254746465349}]}}}}{"Body":{"stkCallback":{"MerchantRequestID":"26301-6420192-1","CheckoutRequestID":"ws_CO_12082023042004739746465349","ResultCode":2001,"ResultDesc":"The initiator information is invalid."}}}{"Body":{"stkCallback":{"MerchantRequestID":"79064-2710957-1","CheckoutRequestID":"ws_CO_12082023042022125746465349","ResultCode":1,"ResultDesc":"The balance is insufficient for the transaction."}}}{"Body":{"stkCallback":{"MerchantRequestID":"32183-59565327-1","CheckoutRequestID":"ws_CO_12082023043013814746465349","ResultCode":1,"ResultDesc":"The balance is insufficient for the transaction."}}}{"Body":{"stkCallback":{"MerchantRequestID":"24716-27391142-1","CheckoutRequestID":"ws_CO_12082023043126897746465349","ResultCode":0,"ResultDesc":"The service request is processed successfully.","CallbackMetadata":{"Item":[{"Name":"Amount","Value":1.00},{"Name":"MpesaReceiptNumber","Value":"RHC8VIYMGW"},{"Name":"Balance"},{"Name":"TransactionDate","Value":20230812042934},{"Name":"PhoneNumber","Value":254746465349}]}}}}{"Body":{"stkCallback":{"MerchantRequestID":"8341-112714366-1","CheckoutRequestID":"ws_CO_12082023044410458746465349","ResultCode":0,"ResultDesc":"The service request is processed successfully.","CallbackMetadata":{"Item":[{"Name":"Amount","Value":1.00},{"Name":"MpesaReceiptNumber","Value":"RHC6VJ2KWW"},{"Name":"Balance"},{"Name":"TransactionDate","Value":20230812044220},{"Name":"PhoneNumber","Value":254746465349}]}}}}{"Body":{"stkCallback":{"MerchantRequestID":"24720-27405663-2","CheckoutRequestID":"ws_CO_12082023044916263746465349","ResultCode":0,"ResultDesc":"The service request is processed successfully.","CallbackMetadata":{"Item":[{"Name":"Amount","Value":1.00},{"Name":"MpesaReceiptNumber","Value":"RHC2VJ40OY"},{"Name":"Balance"},{"Name":"TransactionDate","Value":20230812044727},{"Name":"PhoneNumber","Value":254746465349}]}}}}{"Body":{"stkCallback":{"MerchantRequestID":"8350-112728853-1","CheckoutRequestID":"ws_CO_12082023050057450746465349","ResultCode":0,"ResultDesc":"The service request is processed successfully.","CallbackMetadata":{"Item":[{"Name":"Amount","Value":1.00},{"Name":"MpesaReceiptNumber","Value":"RHC3VJ7FR9"},{"Name":"Balance"},{"Name":"TransactionDate","Value":20230812045907},{"Name":"PhoneNumber","Value":254746465349}]}}}}{"Body":{"stkCallback":{"MerchantRequestID":"11432-44052275-1","CheckoutRequestID":"ws_CO_12082023050406477746465349","ResultCode":0,"ResultDesc":"The service request is processed successfully.","CallbackMetadata":{"Item":[{"Name":"Amount","Value":1.00},{"Name":"MpesaReceiptNumber","Value":"RHC2VJ8RFW"},{"Name":"Balance"},{"Name":"TransactionDate","Value":20230812050228},{"Name":"PhoneNumber","Value":254746465349}]}}}}{"Body":{"stkCallback":{"MerchantRequestID":"110030-6486832-1","CheckoutRequestID":"ws_CO_12082023050605429746465349","ResultCode":0,"ResultDesc":"The service request is processed successfully.","CallbackMetadata":{"Item":[{"Name":"Amount","Value":1.00},{"Name":"MpesaReceiptNumber","Value":"RHC2VJ9EJK"},{"Name":"Balance"},{"Name":"TransactionDate","Value":20230812050412},{"Name":"PhoneNumber","Value":254746465349}]}}}}{"Body":{"stkCallback":{"MerchantRequestID":"79066-2748234-2","CheckoutRequestID":"ws_CO_12082023050910067746465349","ResultCode":0,"ResultDesc":"The service request is processed successfully.","CallbackMetadata":{"Item":[{"Name":"Amount","Value":1.00},{"Name":"MpesaReceiptNumber","Value":"RHC0VJAN8E"},{"Name":"Balance"},{"Name":"TransactionDate","Value":20230812050731},{"Name":"PhoneNumber","Value":254746465349}]}}}}{"Body":{"stkCallback":{"MerchantRequestID":"110037-6490023-1","CheckoutRequestID":"ws_CO_12082023051002085746465349","ResultCode":17,"ResultDesc":"Rule limited."}}}{"Body":{"stkCallback":{"MerchantRequestID":"110032-6525425-1","CheckoutRequestID":"ws_CO_12082023055108833746465349","ResultCode":0,"ResultDesc":"The service request is processed successfully.","CallbackMetadata":{"Item":[{"Name":"Amount","Value":1.00},{"Name":"MpesaReceiptNumber","Value":"RHC3VJRS2L"},{"Name":"Balance"},{"Name":"TransactionDate","Value":20230812054918},{"Name":"PhoneNumber","Value":254746465349}]}}}}house_number=G1{"Body":{"stkCallback":{"MerchantRequestID":"110023-6527571-1","CheckoutRequestID":"ws_CO_12082023055325448746465349","ResultCode":0,"ResultDesc":"The service request is processed successfully.","CallbackMetadata":{"Item":[{"Name":"Amount","Value":1.00},{"Name":"MpesaReceiptNumber","Value":"RHC8VJSQZO"},{"Name":"Balance"},{"Name":"TransactionDate","Value":20230812055134},{"Name":"PhoneNumber","Value":254746465349}]}}}}house_number=G1{"Body":{"stkCallback":{"MerchantRequestID":"29614-178088039-1","CheckoutRequestID":"ws_CO_12082023055615701746465349","ResultCode":0,"ResultDesc":"The service request is processed successfully.","CallbackMetadata":{"Item":[{"Name":"Amount","Value":1.00},{"Name":"MpesaReceiptNumber","Value":"RHC6VJTPI4"},{"Name":"Balance"},{"Name":"TransactionDate","Value":20230812055426},{"Name":"PhoneNumber","Value":254746465349}]}}}}house_number=G1house_number=G1house_number=G1house_number=G1{"Body":{"stkCallback":{"MerchantRequestID":"23504-125985318-1","CheckoutRequestID":"ws_CO_12082023060957431746465349","ResultCode":1,"ResultDesc":"The balance is insufficient for the transaction."}}}{"Body":{"stkCallback":{"MerchantRequestID":"110033-6544800-1","CheckoutRequestID":"ws_CO_12082023061118314746465349","ResultCode":0,"ResultDesc":"The service request is processed successfully.","CallbackMetadata":{"Item":[{"Name":"Amount","Value":1.00},{"Name":"MpesaReceiptNumber","Value":"RHC2VK36PW"},{"Name":"Balance"},{"Name":"TransactionDate","Value":20230812060925},{"Name":"PhoneNumber","Value":254746465349}]}}}}house_number=G1house_number=G1{"Body":{"stkCallback":{"MerchantRequestID":"20012-239561273-1","CheckoutRequestID":"ws_CO_12082023061736107746465349","ResultCode":0,"ResultDesc":"The service request is processed successfully.","CallbackMetadata":{"Item":[{"Name":"Amount","Value":1.00},{"Name":"MpesaReceiptNumber","Value":"RHC4VK73J4"},{"Name":"Balance"},{"Name":"TransactionDate","Value":20230812061543},{"Name":"PhoneNumber","Value":254746465349}]}}}}house_number=G1{"Body":{"stkCallback":{"MerchantRequestID":"110031-6552521-2","CheckoutRequestID":"ws_CO_12082023061853903746465349","ResultCode":0,"ResultDesc":"The service request is processed successfully.","CallbackMetadata":{"Item":[{"Name":"Amount","Value":1.00},{"Name":"MpesaReceiptNumber","Value":"RHC9VK8E7J"},{"Name":"Balance"},{"Name":"TransactionDate","Value":20230812061702},{"Name":"PhoneNumber","Value":254746465349}]}}}}house_number=G1{"Body":{"stkCallback":{"MerchantRequestID":"29615-178759067-1","CheckoutRequestID":"ws_CO_12082023112811223715303584","ResultCode":0,"ResultDesc":"The service request is processed successfully.","CallbackMetadata":{"Item":[{"Name":"Amount","Value":1.00},{"Name":"MpesaReceiptNumber","Value":"RHC2W8C474"},{"Name":"Balance"},{"Name":"TransactionDate","Value":20230812112629},{"Name":"PhoneNumber","Value":254715303584}]}}}}house_number=g2{"Body":{"stkCallback":{"MerchantRequestID":"26313-7174839-1","CheckoutRequestID":"ws_CO_12082023113029871715303584","ResultCode":0,"ResultDesc":"The service request is processed successfully.","CallbackMetadata":{"Item":[{"Name":"Amount","Value":1.00},{"Name":"MpesaReceiptNumber","Value":"RHC4W8K7AW"},{"Name":"Balance"},{"Name":"TransactionDate","Value":20230812112841},{"Name":"PhoneNumber","Value":254715303584}]}}}}house_number=g2{"Body":{"stkCallback":{"MerchantRequestID":"24706-28210413-1","CheckoutRequestID":"ws_CO_12082023115259323794301584","ResultCode":2001,"ResultDesc":"The initiator information is invalid."}}}{"Body":{"stkCallback":{"MerchantRequestID":"27265-151091-2","CheckoutRequestID":"ws_CO_12082023115349431794301802","ResultCode":0,"ResultDesc":"The service request is processed successfully.","CallbackMetadata":{"Item":[{"Name":"Amount","Value":1.00},{"Name":"MpesaReceiptNumber","Value":"RHC5WAYDJ7"},{"Name":"Balance"},{"Name":"TransactionDate","Value":20230812115204},{"Name":"PhoneNumber","Value":254794301802}]}}}}house_number=G1{"Body":{"stkCallback":{"MerchantRequestID":"23515-126732828-1","CheckoutRequestID":"ws_CO_12082023115637817794301802","ResultCode":0,"ResultDesc":"The service request is processed successfully.","CallbackMetadata":{"Item":[{"Name":"Amount","Value":1.00},{"Name":"MpesaReceiptNumber","Value":"RHC1WB8I2F"},{"Name":"Balance"},{"Name":"TransactionDate","Value":20230812115455},{"Name":"PhoneNumber","Value":254794301802}]}}}}house_number=G1house_number=G1{"Body":{"stkCallback":{"MerchantRequestID":"28685-59549860-1","CheckoutRequestID":"ws_CO_12082023141831308115957520","ResultCode":0,"ResultDesc":"The service request is processed successfully.","CallbackMetadata":{"Item":[{"Name":"Amount","Value":1.00},{"Name":"MpesaReceiptNumber","Value":"RHC2WQ4LO0"},{"Name":"Balance"},{"Name":"TransactionDate","Value":20230812141639},{"Name":"PhoneNumber","Value":254115957520}]}}}}house_number=g2house_number=G122{"Body":{"stkCallback":{"MerchantRequestID":"29602-179311191-2","CheckoutRequestID":"ws_CO_12082023144415982746465349","ResultCode":0,"ResultDesc":"The service request is processed successfully.","CallbackMetadata":{"Item":[{"Name":"Amount","Value":1.00},{"Name":"MpesaReceiptNumber","Value":"RHC8WSXK64"},{"Name":"Balance"},{"Name":"TransactionDate","Value":20230812144223},{"Name":"PhoneNumber","Value":254746465349}]}}}}house_number=G1{"Body":{"stkCallback":{"MerchantRequestID":"11457-45336959-1","CheckoutRequestID":"ws_CO_12082023144845601746465349","ResultCode":0,"ResultDesc":"The service request is processed successfully.","CallbackMetadata":{"Item":[{"Name":"Amount","Value":1.00},{"Name":"MpesaReceiptNumber","Value":"RHC6WTEQFU"},{"Name":"Balance"},{"Name":"TransactionDate","Value":20230812144656},{"Name":"PhoneNumber","Value":254746465349}]}}}}house_number=G1{"Body":{"stkCallback":{"MerchantRequestID":"23516-127238576-1","CheckoutRequestID":"ws_CO_12082023145130872746465349","ResultCode":0,"ResultDesc":"The service request is processed successfully.","CallbackMetadata":{"Item":[{"Name":"Amount","Value":1.00},{"Name":"MpesaReceiptNumber","Value":"RHC1WTP30R"},{"Name":"Balance"},{"Name":"TransactionDate","Value":20230812144938},{"Name":"PhoneNumber","Value":254746465349}]}}}}house_number=G1{"Body":{"stkCallback":{"MerchantRequestID":"28695-59652219-1","CheckoutRequestID":"ws_CO_12082023145327314746465349","ResultCode":0,"ResultDesc":"The service request is processed successfully.","CallbackMetadata":{"Item":[{"Name":"Amount","Value":1.00},{"Name":"MpesaReceiptNumber","Value":"RHC8WTWQIQ"},{"Name":"Balance"},{"Name":"TransactionDate","Value":20230812145138},{"Name":"PhoneNumber","Value":254746465349}]}}}}house_number=G1{"Body":{"stkCallback":{"MerchantRequestID":"79053-4272567-1","CheckoutRequestID":"ws_CO_12082023161900063715303584","ResultCode":0,"ResultDesc":"The service request is processed successfully.","CallbackMetadata":{"Item":[{"Name":"Amount","Value":1.00},{"Name":"MpesaReceiptNumber","Value":"RHC5X2ZFB9"},{"Name":"Balance"},{"Name":"TransactionDate","Value":20230812161711},{"Name":"PhoneNumber","Value":254715303584}]}}}}house_number=G1{"Body":{"stkCallback":{"MerchantRequestID":"23522-127496495-1","CheckoutRequestID":"ws_CO_12082023162122452715303584","ResultCode":0,"ResultDesc":"The service request is processed successfully.","CallbackMetadata":{"Item":[{"Name":"Amount","Value":1.00},{"Name":"MpesaReceiptNumber","Value":"RHC9X38ION"},{"Name":"Balance"},{"Name":"TransactionDate","Value":20230812161934},{"Name":"PhoneNumber","Value":254715303584}]}}}}house_number=G1{"Body":{"stkCallback":{"MerchantRequestID":"27257-931218-1","CheckoutRequestID":"ws_CO_12082023162931120746465349","ResultCode":0,"ResultDesc":"The service request is processed successfully.","CallbackMetadata":{"Item":[{"Name":"Amount","Value":1.00},{"Name":"MpesaReceiptNumber","Value":"RHC2X44STO"},{"Name":"Balance"},{"Name":"TransactionDate","Value":20230812162739},{"Name":"PhoneNumber","Value":254746465349}]}}}}{"Body":{"stkCallback":{"MerchantRequestID":"29599-179670260-1","CheckoutRequestID":"ws_CO_12082023165010885746465349","ResultCode":0,"ResultDesc":"The service request is processed successfully.","CallbackMetadata":{"Item":[{"Name":"Amount","Value":1.00},{"Name":"MpesaReceiptNumber","Value":"RHC3X6ER21"},{"Name":"Balance"},{"Name":"TransactionDate","Value":20230812164819},{"Name":"PhoneNumber","Value":254746465349}]}}}}{"Body":{"stkCallback":{"MerchantRequestID":"28688-59997276-1","CheckoutRequestID":"ws_CO_12082023165609919746465349","ResultCode":1032,"ResultDesc":"Request cancelled by user"}}}{"Body":{"stkCallback":{"MerchantRequestID":"28688-59997276-2","CheckoutRequestID":"ws_CO_12082023165633277794301802","ResultCode":0,"ResultDesc":"The service request is processed successfully.","CallbackMetadata":{"Item":[{"Name":"Amount","Value":1.00},{"Name":"MpesaReceiptNumber","Value":"RHC4X74RZ8"},{"Name":"Balance"},{"Name":"TransactionDate","Value":20230812165445},{"Name":"PhoneNumber","Value":254794301802}]}}}}{"Body":{"stkCallback":{"MerchantRequestID":"8350-114448044-1","CheckoutRequestID":"ws_CO_12082023165650439794301802","ResultCode":17,"ResultDesc":"Rule limited."}}}{"Body":{"stkCallback":{"MerchantRequestID":"28683-60028365-1","CheckoutRequestID":"ws_CO_12082023170656602746465349","ResultCode":0,"ResultDesc":"The service request is processed successfully.","CallbackMetadata":{"Item":[{"Name":"Amount","Value":1.00},{"Name":"MpesaReceiptNumber","Value":"RHC7X8BX4N"},{"Name":"Balance"},{"Name":"TransactionDate","Value":20230812170505},{"Name":"PhoneNumber","Value":254746465349}]}}}}{"Body":{"stkCallback":{"MerchantRequestID":"29584-179728019-1","CheckoutRequestID":"ws_CO_12082023170953304746465349","ResultCode":0,"ResultDesc":"The service request is processed successfully.","CallbackMetadata":{"Item":[{"Name":"Amount","Value":1.00},{"Name":"MpesaReceiptNumber","Value":"RHC9X8O6MB"},{"Name":"Balance"},{"Name":"TransactionDate","Value":20230812170759},{"Name":"PhoneNumber","Value":254746465349}]}}}}{"Body":{"stkCallback":{"MerchantRequestID":"23515-127644826-1","CheckoutRequestID":"ws_CO_12082023171151012115957520","ResultCode":0,"ResultDesc":"The service request is processed successfully.","CallbackMetadata":{"Item":[{"Name":"Amount","Value":1.00},{"Name":"MpesaReceiptNumber","Value":"RHC7X8X8J1"},{"Name":"Balance"},{"Name":"TransactionDate","Value":20230812170958},{"Name":"PhoneNumber","Value":254115957520}]}}}}{"Body":{"stkCallback":{"MerchantRequestID":"24717-29137906-1","CheckoutRequestID":"ws_CO_12082023171530825115957520","ResultCode":0,"ResultDesc":"The service request is processed successfully.","CallbackMetadata":{"Item":[{"Name":"Amount","Value":1.00},{"Name":"MpesaReceiptNumber","Value":"RHC8X9CM5M"},{"Name":"Balance"},{"Name":"TransactionDate","Value":20230812171338},{"Name":"PhoneNumber","Value":254115957520}]}}}}{"Body":{"stkCallback":{"MerchantRequestID":"23513-127665454-1","CheckoutRequestID":"ws_CO_12082023171858505746465349","ResultCode":2001,"ResultDesc":"The initiator information is invalid."}}}{"Body":{"stkCallback":{"MerchantRequestID":"24714-29148670-1","CheckoutRequestID":"ws_CO_12082023171916759746465349","ResultCode":1032,"ResultDesc":"Request cancelled by user"}}}{"Body":{"stkCallback":{"MerchantRequestID":"26322-8165262-2","CheckoutRequestID":"ws_CO_12082023171937022746465349","ResultCode":1032,"ResultDesc":"Request cancelled by user"}}}{"Body":{"stkCallback":{"MerchantRequestID":"24019-8011382-1","CheckoutRequestID":"ws_CO_12082023172851051746465349","ResultCode":0,"ResultDesc":"The service request is processed successfully.","CallbackMetadata":{"Item":[{"Name":"Amount","Value":1.00},{"Name":"MpesaReceiptNumber","Value":"RHC3XAZ0ZZ"},{"Name":"Balance"},{"Name":"TransactionDate","Value":20230812172658},{"Name":"PhoneNumber","Value":254746465349}]}}}}{"Body":{"stkCallback":{"MerchantRequestID":"8358-114559367-1","CheckoutRequestID":"ws_CO_12082023173410958794301802","ResultCode":0,"ResultDesc":"The service request is processed successfully.","CallbackMetadata":{"Item":[{"Name":"Amount","Value":1.00},{"Name":"MpesaReceiptNumber","Value":"RHC5XBNH1P"},{"Name":"Balance"},{"Name":"TransactionDate","Value":20230812173222},{"Name":"PhoneNumber","Value":254794301802}]}}}}{"Body":{"stkCallback":{"MerchantRequestID":"24723-29227890-1","CheckoutRequestID":"ws_CO_12082023174657388746465349","ResultCode":0,"ResultDesc":"The service request is processed successfully.","CallbackMetadata":{"Item":[{"Name":"Amount","Value":1.00},{"Name":"MpesaReceiptNumber","Value":"RHC0XD8VAU"},{"Name":"Balance"},{"Name":"TransactionDate","Value":20230812174509},{"Name":"PhoneNumber","Value":254746465349}]}}}}{"Body":{"stkCallback":{"MerchantRequestID":"79070-4565647-1","CheckoutRequestID":"ws_CO_12082023180119011794301802","ResultCode":0,"ResultDesc":"The service request is processed successfully.","CallbackMetadata":{"Item":[{"Name":"Amount","Value":1.00},{"Name":"MpesaReceiptNumber","Value":"RHC7XF43MZ"},{"Name":"Balance"},{"Name":"TransactionDate","Value":20230812175930},{"Name":"PhoneNumber","Value":254794301802}]}}}}{"Body":{"stkCallback":{"MerchantRequestID":"32196-61397661-2","CheckoutRequestID":"ws_CO_12082023180431043746465349","ResultCode":0,"ResultDesc":"The service request is processed successfully.","CallbackMetadata":{"Item":[{"Name":"Amount","Value":1.00},{"Name":"MpesaReceiptNumber","Value":"RHC7XFIROF"},{"Name":"Balance"},{"Name":"TransactionDate","Value":20230812180239},{"Name":"PhoneNumber","Value":254746465349}]}}}}{"Body":{"stkCallback":{"MerchantRequestID":"26319-8297425-1","CheckoutRequestID":"ws_CO_12082023180544465746465349","ResultCode":1019,"ResultDesc":"Transaction has expired"}}}{"Body":{"stkCallback":{"MerchantRequestID":"11455-73764996-1","CheckoutRequestID":"ws_CO_21082023170921376746465349","ResultCode":1032,"ResultDesc":"Request cancelled by user"}}}{"Body":{"stkCallback":{"MerchantRequestID":"32198-88650313-1","CheckoutRequestID":"ws_CO_21082023172612935746465349","ResultCode":1032,"ResultDesc":"Request cancelled by user"}}}{"Body":{"stkCallback":{"MerchantRequestID":"93409-15264746-1","CheckoutRequestID":"ws_CO_21082023172640653746465349","ResultCode":1032,"ResultDesc":"Request cancelled by user"}}}{"Body":{"stkCallback":{"MerchantRequestID":"23212-17141869-1","CheckoutRequestID":"ws_CO_21082023173724337746465349","ResultCode":1032,"ResultDesc":"Request cancelled by user"}}}